id , PhoneNumber , time  , Phone_accX , Phone_accY , Phone_accZ , Phone_gyroX , Phone_gyroY , Phone_gyroZ ,  Phone_longitude , Phone_latitude 
0,010-1100-1899, 1.565686733279E12 ,  , , ,  , , ,  ,  
1,010-1100-1899, 1.565686736395E12 ,  , , ,  , , ,  ,  
2,010-1100-1899, 1.565687220706E12 ,  , , ,  , , ,  ,  
3,010-1100-1899, 1.565687221587E12 ,  , , ,  , , , 127.3446733 , 36.366435 
4,010-1100-1899, 1.565687227732E12 ,  , , ,  , , ,  ,  
